<?xml version="1.0" encoding="UTF-8"?>
<spirit:component xmlns:xilinx="http://www.xilinx.com" xmlns:spirit="http://www.spiritconsortium.org/XMLSchema/SPIRIT/1685-2009" xmlns:xsi="http://www.w3.org/2001/XMLSchema-instance">
  <spirit:vendor>csic.es</spirit:vendor>
  <spirit:library>user</spirit:library>
  <spirit:name>SE_QUBIP</spirit:name>
  <spirit:version>4.0</spirit:version>
  <spirit:busInterfaces>
    <spirit:busInterface>
      <spirit:name>S00_AXI</spirit:name>
      <spirit:busType spirit:vendor="xilinx.com" spirit:library="interface" spirit:name="aximm" spirit:version="1.0"/>
      <spirit:abstractionType spirit:vendor="xilinx.com" spirit:library="interface" spirit:name="aximm_rtl" spirit:version="1.0"/>
      <spirit:slave>
        <spirit:memoryMapRef spirit:memoryMapRef="S00_AXI"/>
      </spirit:slave>
      <spirit:portMaps>
        <spirit:portMap>
          <spirit:logicalPort>
            <spirit:name>AWADDR</spirit:name>
          </spirit:logicalPort>
          <spirit:physicalPort>
            <spirit:name>s00_axi_awaddr</spirit:name>
          </spirit:physicalPort>
        </spirit:portMap>
        <spirit:portMap>
          <spirit:logicalPort>
            <spirit:name>AWPROT</spirit:name>
          </spirit:logicalPort>
          <spirit:physicalPort>
            <spirit:name>s00_axi_awprot</spirit:name>
          </spirit:physicalPort>
        </spirit:portMap>
        <spirit:portMap>
          <spirit:logicalPort>
            <spirit:name>AWVALID</spirit:name>
          </spirit:logicalPort>
          <spirit:physicalPort>
            <spirit:name>s00_axi_awvalid</spirit:name>
          </spirit:physicalPort>
        </spirit:portMap>
        <spirit:portMap>
          <spirit:logicalPort>
            <spirit:name>AWREADY</spirit:name>
          </spirit:logicalPort>
          <spirit:physicalPort>
            <spirit:name>s00_axi_awready</spirit:name>
          </spirit:physicalPort>
        </spirit:portMap>
        <spirit:portMap>
          <spirit:logicalPort>
            <spirit:name>WDATA</spirit:name>
          </spirit:logicalPort>
          <spirit:physicalPort>
            <spirit:name>s00_axi_wdata</spirit:name>
          </spirit:physicalPort>
        </spirit:portMap>
        <spirit:portMap>
          <spirit:logicalPort>
            <spirit:name>WSTRB</spirit:name>
          </spirit:logicalPort>
          <spirit:physicalPort>
            <spirit:name>s00_axi_wstrb</spirit:name>
          </spirit:physicalPort>
        </spirit:portMap>
        <spirit:portMap>
          <spirit:logicalPort>
            <spirit:name>WVALID</spirit:name>
          </spirit:logicalPort>
          <spirit:physicalPort>
            <spirit:name>s00_axi_wvalid</spirit:name>
          </spirit:physicalPort>
        </spirit:portMap>
        <spirit:portMap>
          <spirit:logicalPort>
            <spirit:name>WREADY</spirit:name>
          </spirit:logicalPort>
          <spirit:physicalPort>
            <spirit:name>s00_axi_wready</spirit:name>
          </spirit:physicalPort>
        </spirit:portMap>
        <spirit:portMap>
          <spirit:logicalPort>
            <spirit:name>BRESP</spirit:name>
          </spirit:logicalPort>
          <spirit:physicalPort>
            <spirit:name>s00_axi_bresp</spirit:name>
          </spirit:physicalPort>
        </spirit:portMap>
        <spirit:portMap>
          <spirit:logicalPort>
            <spirit:name>BVALID</spirit:name>
          </spirit:logicalPort>
          <spirit:physicalPort>
            <spirit:name>s00_axi_bvalid</spirit:name>
          </spirit:physicalPort>
        </spirit:portMap>
        <spirit:portMap>
          <spirit:logicalPort>
            <spirit:name>BREADY</spirit:name>
          </spirit:logicalPort>
          <spirit:physicalPort>
            <spirit:name>s00_axi_bready</spirit:name>
          </spirit:physicalPort>
        </spirit:portMap>
        <spirit:portMap>
          <spirit:logicalPort>
            <spirit:name>ARADDR</spirit:name>
          </spirit:logicalPort>
          <spirit:physicalPort>
            <spirit:name>s00_axi_araddr</spirit:name>
          </spirit:physicalPort>
        </spirit:portMap>
        <spirit:portMap>
          <spirit:logicalPort>
            <spirit:name>ARPROT</spirit:name>
          </spirit:logicalPort>
          <spirit:physicalPort>
            <spirit:name>s00_axi_arprot</spirit:name>
          </spirit:physicalPort>
        </spirit:portMap>
        <spirit:portMap>
          <spirit:logicalPort>
            <spirit:name>ARVALID</spirit:name>
          </spirit:logicalPort>
          <spirit:physicalPort>
            <spirit:name>s00_axi_arvalid</spirit:name>
          </spirit:physicalPort>
        </spirit:portMap>
        <spirit:portMap>
          <spirit:logicalPort>
            <spirit:name>ARREADY</spirit:name>
          </spirit:logicalPort>
          <spirit:physicalPort>
            <spirit:name>s00_axi_arready</spirit:name>
          </spirit:physicalPort>
        </spirit:portMap>
        <spirit:portMap>
          <spirit:logicalPort>
            <spirit:name>RDATA</spirit:name>
          </spirit:logicalPort>
          <spirit:physicalPort>
            <spirit:name>s00_axi_rdata</spirit:name>
          </spirit:physicalPort>
        </spirit:portMap>
        <spirit:portMap>
          <spirit:logicalPort>
            <spirit:name>RRESP</spirit:name>
          </spirit:logicalPort>
          <spirit:physicalPort>
            <spirit:name>s00_axi_rresp</spirit:name>
          </spirit:physicalPort>
        </spirit:portMap>
        <spirit:portMap>
          <spirit:logicalPort>
            <spirit:name>RVALID</spirit:name>
          </spirit:logicalPort>
          <spirit:physicalPort>
            <spirit:name>s00_axi_rvalid</spirit:name>
          </spirit:physicalPort>
        </spirit:portMap>
        <spirit:portMap>
          <spirit:logicalPort>
            <spirit:name>RREADY</spirit:name>
          </spirit:logicalPort>
          <spirit:physicalPort>
            <spirit:name>s00_axi_rready</spirit:name>
          </spirit:physicalPort>
        </spirit:portMap>
      </spirit:portMaps>
      <spirit:parameters>
        <spirit:parameter>
          <spirit:name>WIZ_DATA_WIDTH</spirit:name>
          <spirit:value spirit:format="long" spirit:id="BUSIFPARAM_VALUE.S00_AXI.WIZ_DATA_WIDTH" spirit:choiceRef="choice_list_6fc15197">32</spirit:value>
        </spirit:parameter>
        <spirit:parameter>
          <spirit:name>WIZ_NUM_REG</spirit:name>
          <spirit:value spirit:format="long" spirit:id="BUSIFPARAM_VALUE.S00_AXI.WIZ_NUM_REG" spirit:minimum="4" spirit:maximum="512" spirit:rangeType="long">5</spirit:value>
        </spirit:parameter>
        <spirit:parameter>
          <spirit:name>SUPPORTS_NARROW_BURST</spirit:name>
          <spirit:value spirit:format="long" spirit:id="BUSIFPARAM_VALUE.S00_AXI.SUPPORTS_NARROW_BURST" spirit:choiceRef="choice_pairs_ce1226b1">0</spirit:value>
        </spirit:parameter>
      </spirit:parameters>
    </spirit:busInterface>
    <spirit:busInterface>
      <spirit:name>S00_AXI_RST</spirit:name>
      <spirit:busType spirit:vendor="xilinx.com" spirit:library="signal" spirit:name="reset" spirit:version="1.0"/>
      <spirit:abstractionType spirit:vendor="xilinx.com" spirit:library="signal" spirit:name="reset_rtl" spirit:version="1.0"/>
      <spirit:slave/>
      <spirit:portMaps>
        <spirit:portMap>
          <spirit:logicalPort>
            <spirit:name>RST</spirit:name>
          </spirit:logicalPort>
          <spirit:physicalPort>
            <spirit:name>s00_axi_aresetn</spirit:name>
          </spirit:physicalPort>
        </spirit:portMap>
      </spirit:portMaps>
      <spirit:parameters>
        <spirit:parameter>
          <spirit:name>POLARITY</spirit:name>
          <spirit:value spirit:id="BUSIFPARAM_VALUE.S00_AXI_RST.POLARITY" spirit:choiceRef="choice_list_9d8b0d81">ACTIVE_LOW</spirit:value>
        </spirit:parameter>
      </spirit:parameters>
    </spirit:busInterface>
    <spirit:busInterface>
      <spirit:name>S00_AXI_CLK</spirit:name>
      <spirit:busType spirit:vendor="xilinx.com" spirit:library="signal" spirit:name="clock" spirit:version="1.0"/>
      <spirit:abstractionType spirit:vendor="xilinx.com" spirit:library="signal" spirit:name="clock_rtl" spirit:version="1.0"/>
      <spirit:slave/>
      <spirit:portMaps>
        <spirit:portMap>
          <spirit:logicalPort>
            <spirit:name>CLK</spirit:name>
          </spirit:logicalPort>
          <spirit:physicalPort>
            <spirit:name>s00_axi_aclk</spirit:name>
          </spirit:physicalPort>
        </spirit:portMap>
      </spirit:portMaps>
      <spirit:parameters>
        <spirit:parameter>
          <spirit:name>ASSOCIATED_BUSIF</spirit:name>
          <spirit:value spirit:id="BUSIFPARAM_VALUE.S00_AXI_CLK.ASSOCIATED_BUSIF">S00_AXI</spirit:value>
        </spirit:parameter>
        <spirit:parameter>
          <spirit:name>ASSOCIATED_RESET</spirit:name>
          <spirit:value spirit:id="BUSIFPARAM_VALUE.S00_AXI_CLK.ASSOCIATED_RESET">s00_axi_aresetn</spirit:value>
        </spirit:parameter>
      </spirit:parameters>
    </spirit:busInterface>
  </spirit:busInterfaces>
  <spirit:memoryMaps>
    <spirit:memoryMap>
      <spirit:name>S00_AXI</spirit:name>
      <spirit:addressBlock>
        <spirit:name>S00_AXI_reg</spirit:name>
        <spirit:baseAddress spirit:format="long" spirit:resolve="user">0</spirit:baseAddress>
        <spirit:range spirit:format="long">4096</spirit:range>
        <spirit:width spirit:format="long">32</spirit:width>
        <spirit:usage>register</spirit:usage>
        <spirit:parameters>
          <spirit:parameter>
            <spirit:name>OFFSET_BASE_PARAM</spirit:name>
            <spirit:value spirit:id="ADDRBLOCKPARAM_VALUE.S00_AXI.S00_AXI_REG.OFFSET_BASE_PARAM">C_S00_AXI_BASEADDR</spirit:value>
          </spirit:parameter>
          <spirit:parameter>
            <spirit:name>OFFSET_HIGH_PARAM</spirit:name>
            <spirit:value spirit:id="ADDRBLOCKPARAM_VALUE.S00_AXI.S00_AXI_REG.OFFSET_HIGH_PARAM">C_S00_AXI_HIGHADDR</spirit:value>
          </spirit:parameter>
        </spirit:parameters>
      </spirit:addressBlock>
    </spirit:memoryMap>
  </spirit:memoryMaps>
  <spirit:model>
    <spirit:views>
      <spirit:view>
        <spirit:name>xilinx_verilogsynthesis</spirit:name>
        <spirit:displayName>Verilog Synthesis</spirit:displayName>
        <spirit:envIdentifier>verilogSource:vivado.xilinx.com:synthesis</spirit:envIdentifier>
        <spirit:language>verilog</spirit:language>
        <spirit:modelName>SE_QUBIP_v4_0</spirit:modelName>
        <spirit:fileSetRef>
          <spirit:localName>xilinx_verilogsynthesis_view_fileset</spirit:localName>
        </spirit:fileSetRef>
        <spirit:parameters>
          <spirit:parameter>
            <spirit:name>viewChecksum</spirit:name>
            <spirit:value>632d5cd7</spirit:value>
          </spirit:parameter>
        </spirit:parameters>
      </spirit:view>
      <spirit:view>
        <spirit:name>xilinx_verilogbehavioralsimulation</spirit:name>
        <spirit:displayName>Verilog Simulation</spirit:displayName>
        <spirit:envIdentifier>verilogSource:vivado.xilinx.com:simulation</spirit:envIdentifier>
        <spirit:language>verilog</spirit:language>
        <spirit:modelName>SE_QUBIP_v4_0</spirit:modelName>
        <spirit:fileSetRef>
          <spirit:localName>xilinx_verilogbehavioralsimulation_view_fileset</spirit:localName>
        </spirit:fileSetRef>
        <spirit:parameters>
          <spirit:parameter>
            <spirit:name>viewChecksum</spirit:name>
            <spirit:value>632d5cd7</spirit:value>
          </spirit:parameter>
        </spirit:parameters>
      </spirit:view>
      <spirit:view>
        <spirit:name>xilinx_xpgui</spirit:name>
        <spirit:displayName>UI Layout</spirit:displayName>
        <spirit:envIdentifier>:vivado.xilinx.com:xgui.ui</spirit:envIdentifier>
        <spirit:fileSetRef>
          <spirit:localName>xilinx_xpgui_view_fileset</spirit:localName>
        </spirit:fileSetRef>
        <spirit:parameters>
          <spirit:parameter>
            <spirit:name>viewChecksum</spirit:name>
            <spirit:value>afbdc244</spirit:value>
          </spirit:parameter>
        </spirit:parameters>
      </spirit:view>
      <spirit:view>
        <spirit:name>bd_tcl</spirit:name>
        <spirit:displayName>Block Diagram</spirit:displayName>
        <spirit:envIdentifier>:vivado.xilinx.com:block.diagram</spirit:envIdentifier>
        <spirit:fileSetRef>
          <spirit:localName>bd_tcl_view_fileset</spirit:localName>
        </spirit:fileSetRef>
        <spirit:parameters>
          <spirit:parameter>
            <spirit:name>viewChecksum</spirit:name>
            <spirit:value>16328387</spirit:value>
          </spirit:parameter>
        </spirit:parameters>
      </spirit:view>
    </spirit:views>
    <spirit:ports>
      <spirit:port>
        <spirit:name>s00_axi_aclk</spirit:name>
        <spirit:wire>
          <spirit:direction>in</spirit:direction>
          <spirit:wireTypeDefs>
            <spirit:wireTypeDef>
              <spirit:typeName>wire</spirit:typeName>
              <spirit:viewNameRef>xilinx_verilogsynthesis</spirit:viewNameRef>
              <spirit:viewNameRef>xilinx_verilogbehavioralsimulation</spirit:viewNameRef>
            </spirit:wireTypeDef>
          </spirit:wireTypeDefs>
        </spirit:wire>
      </spirit:port>
      <spirit:port>
        <spirit:name>s00_axi_aresetn</spirit:name>
        <spirit:wire>
          <spirit:direction>in</spirit:direction>
          <spirit:wireTypeDefs>
            <spirit:wireTypeDef>
              <spirit:typeName>wire</spirit:typeName>
              <spirit:viewNameRef>xilinx_verilogsynthesis</spirit:viewNameRef>
              <spirit:viewNameRef>xilinx_verilogbehavioralsimulation</spirit:viewNameRef>
            </spirit:wireTypeDef>
          </spirit:wireTypeDefs>
        </spirit:wire>
      </spirit:port>
      <spirit:port>
        <spirit:name>s00_axi_awaddr</spirit:name>
        <spirit:wire>
          <spirit:direction>in</spirit:direction>
          <spirit:vector>
            <spirit:left spirit:format="long" spirit:resolve="dependent" spirit:dependency="(spirit:decode(id(&apos;MODELPARAM_VALUE.C_S00_AXI_ADDR_WIDTH&apos;)) - 1)">5</spirit:left>
            <spirit:right spirit:format="long">0</spirit:right>
          </spirit:vector>
          <spirit:wireTypeDefs>
            <spirit:wireTypeDef>
              <spirit:typeName>wire</spirit:typeName>
              <spirit:viewNameRef>xilinx_verilogsynthesis</spirit:viewNameRef>
              <spirit:viewNameRef>xilinx_verilogbehavioralsimulation</spirit:viewNameRef>
            </spirit:wireTypeDef>
          </spirit:wireTypeDefs>
        </spirit:wire>
      </spirit:port>
      <spirit:port>
        <spirit:name>s00_axi_awprot</spirit:name>
        <spirit:wire>
          <spirit:direction>in</spirit:direction>
          <spirit:vector>
            <spirit:left spirit:format="long">2</spirit:left>
            <spirit:right spirit:format="long">0</spirit:right>
          </spirit:vector>
          <spirit:wireTypeDefs>
            <spirit:wireTypeDef>
              <spirit:typeName>wire</spirit:typeName>
              <spirit:viewNameRef>xilinx_verilogsynthesis</spirit:viewNameRef>
              <spirit:viewNameRef>xilinx_verilogbehavioralsimulation</spirit:viewNameRef>
            </spirit:wireTypeDef>
          </spirit:wireTypeDefs>
        </spirit:wire>
      </spirit:port>
      <spirit:port>
        <spirit:name>s00_axi_awvalid</spirit:name>
        <spirit:wire>
          <spirit:direction>in</spirit:direction>
          <spirit:wireTypeDefs>
            <spirit:wireTypeDef>
              <spirit:typeName>wire</spirit:typeName>
              <spirit:viewNameRef>xilinx_verilogsynthesis</spirit:viewNameRef>
              <spirit:viewNameRef>xilinx_verilogbehavioralsimulation</spirit:viewNameRef>
            </spirit:wireTypeDef>
          </spirit:wireTypeDefs>
        </spirit:wire>
      </spirit:port>
      <spirit:port>
        <spirit:name>s00_axi_awready</spirit:name>
        <spirit:wire>
          <spirit:direction>out</spirit:direction>
          <spirit:wireTypeDefs>
            <spirit:wireTypeDef>
              <spirit:typeName>wire</spirit:typeName>
              <spirit:viewNameRef>xilinx_verilogsynthesis</spirit:viewNameRef>
              <spirit:viewNameRef>xilinx_verilogbehavioralsimulation</spirit:viewNameRef>
            </spirit:wireTypeDef>
          </spirit:wireTypeDefs>
        </spirit:wire>
      </spirit:port>
      <spirit:port>
        <spirit:name>s00_axi_wdata</spirit:name>
        <spirit:wire>
          <spirit:direction>in</spirit:direction>
          <spirit:vector>
            <spirit:left spirit:format="long" spirit:resolve="dependent" spirit:dependency="(spirit:decode(id(&apos;MODELPARAM_VALUE.C_S00_AXI_DATA_WIDTH&apos;)) - 1)">63</spirit:left>
            <spirit:right spirit:format="long">0</spirit:right>
          </spirit:vector>
          <spirit:wireTypeDefs>
            <spirit:wireTypeDef>
              <spirit:typeName>wire</spirit:typeName>
              <spirit:viewNameRef>xilinx_verilogsynthesis</spirit:viewNameRef>
              <spirit:viewNameRef>xilinx_verilogbehavioralsimulation</spirit:viewNameRef>
            </spirit:wireTypeDef>
          </spirit:wireTypeDefs>
        </spirit:wire>
      </spirit:port>
      <spirit:port>
        <spirit:name>s00_axi_wstrb</spirit:name>
        <spirit:wire>
          <spirit:direction>in</spirit:direction>
          <spirit:vector>
            <spirit:left spirit:format="long" spirit:resolve="dependent" spirit:dependency="((spirit:decode(id(&apos;MODELPARAM_VALUE.C_S00_AXI_DATA_WIDTH&apos;)) / 8) - 1)">7</spirit:left>
            <spirit:right spirit:format="long">0</spirit:right>
          </spirit:vector>
          <spirit:wireTypeDefs>
            <spirit:wireTypeDef>
              <spirit:typeName>wire</spirit:typeName>
              <spirit:viewNameRef>xilinx_verilogsynthesis</spirit:viewNameRef>
              <spirit:viewNameRef>xilinx_verilogbehavioralsimulation</spirit:viewNameRef>
            </spirit:wireTypeDef>
          </spirit:wireTypeDefs>
        </spirit:wire>
      </spirit:port>
      <spirit:port>
        <spirit:name>s00_axi_wvalid</spirit:name>
        <spirit:wire>
          <spirit:direction>in</spirit:direction>
          <spirit:wireTypeDefs>
            <spirit:wireTypeDef>
              <spirit:typeName>wire</spirit:typeName>
              <spirit:viewNameRef>xilinx_verilogsynthesis</spirit:viewNameRef>
              <spirit:viewNameRef>xilinx_verilogbehavioralsimulation</spirit:viewNameRef>
            </spirit:wireTypeDef>
          </spirit:wireTypeDefs>
        </spirit:wire>
      </spirit:port>
      <spirit:port>
        <spirit:name>s00_axi_wready</spirit:name>
        <spirit:wire>
          <spirit:direction>out</spirit:direction>
          <spirit:wireTypeDefs>
            <spirit:wireTypeDef>
              <spirit:typeName>wire</spirit:typeName>
              <spirit:viewNameRef>xilinx_verilogsynthesis</spirit:viewNameRef>
              <spirit:viewNameRef>xilinx_verilogbehavioralsimulation</spirit:viewNameRef>
            </spirit:wireTypeDef>
          </spirit:wireTypeDefs>
        </spirit:wire>
      </spirit:port>
      <spirit:port>
        <spirit:name>s00_axi_bresp</spirit:name>
        <spirit:wire>
          <spirit:direction>out</spirit:direction>
          <spirit:vector>
            <spirit:left spirit:format="long">1</spirit:left>
            <spirit:right spirit:format="long">0</spirit:right>
          </spirit:vector>
          <spirit:wireTypeDefs>
            <spirit:wireTypeDef>
              <spirit:typeName>wire</spirit:typeName>
              <spirit:viewNameRef>xilinx_verilogsynthesis</spirit:viewNameRef>
              <spirit:viewNameRef>xilinx_verilogbehavioralsimulation</spirit:viewNameRef>
            </spirit:wireTypeDef>
          </spirit:wireTypeDefs>
        </spirit:wire>
      </spirit:port>
      <spirit:port>
        <spirit:name>s00_axi_bvalid</spirit:name>
        <spirit:wire>
          <spirit:direction>out</spirit:direction>
          <spirit:wireTypeDefs>
            <spirit:wireTypeDef>
              <spirit:typeName>wire</spirit:typeName>
              <spirit:viewNameRef>xilinx_verilogsynthesis</spirit:viewNameRef>
              <spirit:viewNameRef>xilinx_verilogbehavioralsimulation</spirit:viewNameRef>
            </spirit:wireTypeDef>
          </spirit:wireTypeDefs>
        </spirit:wire>
      </spirit:port>
      <spirit:port>
        <spirit:name>s00_axi_bready</spirit:name>
        <spirit:wire>
          <spirit:direction>in</spirit:direction>
          <spirit:wireTypeDefs>
            <spirit:wireTypeDef>
              <spirit:typeName>wire</spirit:typeName>
              <spirit:viewNameRef>xilinx_verilogsynthesis</spirit:viewNameRef>
              <spirit:viewNameRef>xilinx_verilogbehavioralsimulation</spirit:viewNameRef>
            </spirit:wireTypeDef>
          </spirit:wireTypeDefs>
        </spirit:wire>
      </spirit:port>
      <spirit:port>
        <spirit:name>s00_axi_araddr</spirit:name>
        <spirit:wire>
          <spirit:direction>in</spirit:direction>
          <spirit:vector>
            <spirit:left spirit:format="long" spirit:resolve="dependent" spirit:dependency="(spirit:decode(id(&apos;MODELPARAM_VALUE.C_S00_AXI_ADDR_WIDTH&apos;)) - 1)">5</spirit:left>
            <spirit:right spirit:format="long">0</spirit:right>
          </spirit:vector>
          <spirit:wireTypeDefs>
            <spirit:wireTypeDef>
              <spirit:typeName>wire</spirit:typeName>
              <spirit:viewNameRef>xilinx_verilogsynthesis</spirit:viewNameRef>
              <spirit:viewNameRef>xilinx_verilogbehavioralsimulation</spirit:viewNameRef>
            </spirit:wireTypeDef>
          </spirit:wireTypeDefs>
        </spirit:wire>
      </spirit:port>
      <spirit:port>
        <spirit:name>s00_axi_arprot</spirit:name>
        <spirit:wire>
          <spirit:direction>in</spirit:direction>
          <spirit:vector>
            <spirit:left spirit:format="long">2</spirit:left>
            <spirit:right spirit:format="long">0</spirit:right>
          </spirit:vector>
          <spirit:wireTypeDefs>
            <spirit:wireTypeDef>
              <spirit:typeName>wire</spirit:typeName>
              <spirit:viewNameRef>xilinx_verilogsynthesis</spirit:viewNameRef>
              <spirit:viewNameRef>xilinx_verilogbehavioralsimulation</spirit:viewNameRef>
            </spirit:wireTypeDef>
          </spirit:wireTypeDefs>
        </spirit:wire>
      </spirit:port>
      <spirit:port>
        <spirit:name>s00_axi_arvalid</spirit:name>
        <spirit:wire>
          <spirit:direction>in</spirit:direction>
          <spirit:wireTypeDefs>
            <spirit:wireTypeDef>
              <spirit:typeName>wire</spirit:typeName>
              <spirit:viewNameRef>xilinx_verilogsynthesis</spirit:viewNameRef>
              <spirit:viewNameRef>xilinx_verilogbehavioralsimulation</spirit:viewNameRef>
            </spirit:wireTypeDef>
          </spirit:wireTypeDefs>
        </spirit:wire>
      </spirit:port>
      <spirit:port>
        <spirit:name>s00_axi_arready</spirit:name>
        <spirit:wire>
          <spirit:direction>out</spirit:direction>
          <spirit:wireTypeDefs>
            <spirit:wireTypeDef>
              <spirit:typeName>wire</spirit:typeName>
              <spirit:viewNameRef>xilinx_verilogsynthesis</spirit:viewNameRef>
              <spirit:viewNameRef>xilinx_verilogbehavioralsimulation</spirit:viewNameRef>
            </spirit:wireTypeDef>
          </spirit:wireTypeDefs>
        </spirit:wire>
      </spirit:port>
      <spirit:port>
        <spirit:name>s00_axi_rdata</spirit:name>
        <spirit:wire>
          <spirit:direction>out</spirit:direction>
          <spirit:vector>
            <spirit:left spirit:format="long" spirit:resolve="dependent" spirit:dependency="(spirit:decode(id(&apos;MODELPARAM_VALUE.C_S00_AXI_DATA_WIDTH&apos;)) - 1)">63</spirit:left>
            <spirit:right spirit:format="long">0</spirit:right>
          </spirit:vector>
          <spirit:wireTypeDefs>
            <spirit:wireTypeDef>
              <spirit:typeName>wire</spirit:typeName>
              <spirit:viewNameRef>xilinx_verilogsynthesis</spirit:viewNameRef>
              <spirit:viewNameRef>xilinx_verilogbehavioralsimulation</spirit:viewNameRef>
            </spirit:wireTypeDef>
          </spirit:wireTypeDefs>
        </spirit:wire>
      </spirit:port>
      <spirit:port>
        <spirit:name>s00_axi_rresp</spirit:name>
        <spirit:wire>
          <spirit:direction>out</spirit:direction>
          <spirit:vector>
            <spirit:left spirit:format="long">1</spirit:left>
            <spirit:right spirit:format="long">0</spirit:right>
          </spirit:vector>
          <spirit:wireTypeDefs>
            <spirit:wireTypeDef>
              <spirit:typeName>wire</spirit:typeName>
              <spirit:viewNameRef>xilinx_verilogsynthesis</spirit:viewNameRef>
              <spirit:viewNameRef>xilinx_verilogbehavioralsimulation</spirit:viewNameRef>
            </spirit:wireTypeDef>
          </spirit:wireTypeDefs>
        </spirit:wire>
      </spirit:port>
      <spirit:port>
        <spirit:name>s00_axi_rvalid</spirit:name>
        <spirit:wire>
          <spirit:direction>out</spirit:direction>
          <spirit:wireTypeDefs>
            <spirit:wireTypeDef>
              <spirit:typeName>wire</spirit:typeName>
              <spirit:viewNameRef>xilinx_verilogsynthesis</spirit:viewNameRef>
              <spirit:viewNameRef>xilinx_verilogbehavioralsimulation</spirit:viewNameRef>
            </spirit:wireTypeDef>
          </spirit:wireTypeDefs>
        </spirit:wire>
      </spirit:port>
      <spirit:port>
        <spirit:name>s00_axi_rready</spirit:name>
        <spirit:wire>
          <spirit:direction>in</spirit:direction>
          <spirit:wireTypeDefs>
            <spirit:wireTypeDef>
              <spirit:typeName>wire</spirit:typeName>
              <spirit:viewNameRef>xilinx_verilogsynthesis</spirit:viewNameRef>
              <spirit:viewNameRef>xilinx_verilogbehavioralsimulation</spirit:viewNameRef>
            </spirit:wireTypeDef>
          </spirit:wireTypeDefs>
        </spirit:wire>
      </spirit:port>
    </spirit:ports>
    <spirit:modelParameters>
      <spirit:modelParameter xsi:type="spirit:nameValueTypeType" spirit:dataType="integer">
        <spirit:name>C_S00_AXI_DATA_WIDTH</spirit:name>
        <spirit:displayName>C S00 AXI DATA WIDTH</spirit:displayName>
        <spirit:description>Width of S_AXI data bus</spirit:description>
        <spirit:value spirit:format="long" spirit:resolve="generated" spirit:id="MODELPARAM_VALUE.C_S00_AXI_DATA_WIDTH" spirit:order="3" spirit:rangeType="long">64</spirit:value>
      </spirit:modelParameter>
      <spirit:modelParameter spirit:dataType="integer">
        <spirit:name>C_S00_AXI_ADDR_WIDTH</spirit:name>
        <spirit:displayName>C S00 AXI ADDR WIDTH</spirit:displayName>
        <spirit:description>Width of S_AXI address bus</spirit:description>
        <spirit:value spirit:format="long" spirit:resolve="generated" spirit:id="MODELPARAM_VALUE.C_S00_AXI_ADDR_WIDTH" spirit:order="4" spirit:rangeType="long">6</spirit:value>
      </spirit:modelParameter>
      <spirit:modelParameter spirit:dataType="integer">
        <spirit:name>IMP_SHA2</spirit:name>
        <spirit:displayName>Imp Sha2</spirit:displayName>
        <spirit:value spirit:format="bool" spirit:resolve="generated" spirit:id="MODELPARAM_VALUE.IMP_SHA2">true</spirit:value>
      </spirit:modelParameter>
      <spirit:modelParameter spirit:dataType="integer">
        <spirit:name>IMP_SHA3</spirit:name>
        <spirit:displayName>Imp Sha3</spirit:displayName>
        <spirit:value spirit:format="bool" spirit:resolve="generated" spirit:id="MODELPARAM_VALUE.IMP_SHA3">true</spirit:value>
      </spirit:modelParameter>
      <spirit:modelParameter spirit:dataType="integer">
        <spirit:name>IMP_EDDSA</spirit:name>
        <spirit:displayName>Imp Eddsa</spirit:displayName>
        <spirit:value spirit:format="bool" spirit:resolve="generated" spirit:id="MODELPARAM_VALUE.IMP_EDDSA">true</spirit:value>
      </spirit:modelParameter>
      <spirit:modelParameter spirit:dataType="integer">
        <spirit:name>IMP_X25519</spirit:name>
        <spirit:displayName>Imp X25519</spirit:displayName>
        <spirit:value spirit:format="bool" spirit:resolve="generated" spirit:id="MODELPARAM_VALUE.IMP_X25519">true</spirit:value>
      </spirit:modelParameter>
      <spirit:modelParameter spirit:dataType="integer">
        <spirit:name>IMP_TRNG</spirit:name>
        <spirit:displayName>Imp Trng</spirit:displayName>
        <spirit:value spirit:format="bool" spirit:resolve="generated" spirit:id="MODELPARAM_VALUE.IMP_TRNG">true</spirit:value>
      </spirit:modelParameter>
    </spirit:modelParameters>
  </spirit:model>
  <spirit:choices>
    <spirit:choice>
      <spirit:name>choice_list_165ed04b</spirit:name>
      <spirit:enumeration>64</spirit:enumeration>
    </spirit:choice>
    <spirit:choice>
      <spirit:name>choice_list_6fc15197</spirit:name>
      <spirit:enumeration>32</spirit:enumeration>
    </spirit:choice>
    <spirit:choice>
      <spirit:name>choice_list_9d8b0d81</spirit:name>
      <spirit:enumeration>ACTIVE_HIGH</spirit:enumeration>
      <spirit:enumeration>ACTIVE_LOW</spirit:enumeration>
    </spirit:choice>
    <spirit:choice>
      <spirit:name>choice_pairs_ce1226b1</spirit:name>
      <spirit:enumeration spirit:text="true">1</spirit:enumeration>
      <spirit:enumeration spirit:text="false">0</spirit:enumeration>
    </spirit:choice>
  </spirit:choices>
  <spirit:fileSets>
    <spirit:fileSet>
      <spirit:name>xilinx_verilogsynthesis_view_fileset</spirit:name>
      <spirit:file>
        <spirit:name>src/EdDSA.v</spirit:name>
        <spirit:fileType>verilogSource</spirit:fileType>
      </spirit:file>
      <spirit:file>
        <spirit:name>src/EdDSA_Acc.v</spirit:name>
        <spirit:fileType>verilogSource</spirit:fileType>
      </spirit:file>
      <spirit:file>
        <spirit:name>src/EdDSA_itf.v</spirit:name>
        <spirit:fileType>verilogSource</spirit:fileType>
      </spirit:file>
      <spirit:file>
        <spirit:name>src/SE_QUBIP.v</spirit:name>
        <spirit:fileType>verilogSource</spirit:fileType>
      </spirit:file>
      <spirit:file>
        <spirit:name>hdl/SE_QUBIP_v4_0_S00_AXI.v</spirit:name>
        <spirit:fileType>verilogSource</spirit:fileType>
      </spirit:file>
      <spirit:file>
        <spirit:name>src/X25519.v</spirit:name>
        <spirit:fileType>verilogSource</spirit:fileType>
      </spirit:file>
      <spirit:file>
        <spirit:name>src/X25519_itf.v</spirit:name>
        <spirit:fileType>verilogSource</spirit:fileType>
      </spirit:file>
      <spirit:file>
        <spirit:name>src/add_sub.v</spirit:name>
        <spirit:fileType>verilogSource</spirit:fileType>
      </spirit:file>
      <spirit:file>
        <spirit:name>src/chi.v</spirit:name>
        <spirit:fileType>verilogSource</spirit:fileType>
      </spirit:file>
      <spirit:file>
        <spirit:name>src/dummy_module.v</spirit:name>
        <spirit:fileType>verilogSource</spirit:fileType>
      </spirit:file>
      <spirit:file>
        <spirit:name>src/genram.v</spirit:name>
        <spirit:fileType>verilogSource</spirit:fileType>
      </spirit:file>
      <spirit:file>
        <spirit:name>src/iota.v</spirit:name>
        <spirit:fileType>verilogSource</spirit:fileType>
      </spirit:file>
      <spirit:file>
        <spirit:name>src/karatsuba.v</spirit:name>
        <spirit:fileType>verilogSource</spirit:fileType>
      </spirit:file>
      <spirit:file>
        <spirit:name>src/multiplier.v</spirit:name>
        <spirit:fileType>verilogSource</spirit:fileType>
      </spirit:file>
      <spirit:file>
        <spirit:name>src/piso.v</spirit:name>
        <spirit:fileType>verilogSource</spirit:fileType>
      </spirit:file>
      <spirit:file>
        <spirit:name>src/puf_itf.v</spirit:name>
        <spirit:fileType>verilogSource</spirit:fileType>
      </spirit:file>
      <spirit:file>
        <spirit:name>src/rho_pi.v</spirit:name>
        <spirit:fileType>verilogSource</spirit:fileType>
      </spirit:file>
      <spirit:file>
        <spirit:name>src/sha2_core.v</spirit:name>
        <spirit:fileType>verilogSource</spirit:fileType>
      </spirit:file>
      <spirit:file>
        <spirit:name>src/sha2_core_eddsa.v</spirit:name>
        <spirit:fileType>verilogSource</spirit:fileType>
      </spirit:file>
      <spirit:file>
        <spirit:name>src/sha2_mem.v</spirit:name>
        <spirit:fileType>verilogSource</spirit:fileType>
      </spirit:file>
      <spirit:file>
        <spirit:name>src/sha2_mem_eddsa.v</spirit:name>
        <spirit:fileType>verilogSource</spirit:fileType>
      </spirit:file>
      <spirit:file>
        <spirit:name>src/sha2_message_schedule.v</spirit:name>
        <spirit:fileType>verilogSource</spirit:fileType>
      </spirit:file>
      <spirit:file>
        <spirit:name>src/sha2_message_schedule_eddsa.v</spirit:name>
        <spirit:fileType>verilogSource</spirit:fileType>
      </spirit:file>
      <spirit:file>
        <spirit:name>src/sha2_padding.v</spirit:name>
        <spirit:fileType>verilogSource</spirit:fileType>
      </spirit:file>
      <spirit:file>
        <spirit:name>src/sha2_padding_eddsa.v</spirit:name>
        <spirit:fileType>verilogSource</spirit:fileType>
      </spirit:file>
      <spirit:file>
        <spirit:name>src/sha2_round.v</spirit:name>
        <spirit:fileType>verilogSource</spirit:fileType>
      </spirit:file>
      <spirit:file>
        <spirit:name>src/sha2_round_eddsa.v</spirit:name>
        <spirit:fileType>verilogSource</spirit:fileType>
      </spirit:file>
      <spirit:file>
        <spirit:name>src/sha2_xl.v</spirit:name>
        <spirit:fileType>verilogSource</spirit:fileType>
      </spirit:file>
      <spirit:file>
        <spirit:name>src/sha2_xl_eddsa.v</spirit:name>
        <spirit:fileType>verilogSource</spirit:fileType>
      </spirit:file>
      <spirit:file>
        <spirit:name>src/sha3_xl.v</spirit:name>
        <spirit:fileType>verilogSource</spirit:fileType>
      </spirit:file>
      <spirit:file>
        <spirit:name>src/sipo.v</spirit:name>
        <spirit:fileType>verilogSource</spirit:fileType>
      </spirit:file>
      <spirit:file>
        <spirit:name>src/sub_red512.v</spirit:name>
        <spirit:fileType>verilogSource</spirit:fileType>
      </spirit:file>
      <spirit:file>
        <spirit:name>src/theta.v</spirit:name>
        <spirit:fileType>verilogSource</spirit:fileType>
      </spirit:file>
      <spirit:file>
        <spirit:name>src/puf_pkg.vhd</spirit:name>
        <spirit:fileType>vhdlSource</spirit:fileType>
      </spirit:file>
      <spirit:file>
        <spirit:name>src/puf.vhd</spirit:name>
        <spirit:fileType>vhdlSource</spirit:fileType>
      </spirit:file>
      <spirit:file>
        <spirit:name>src/puf_ctrl.vhd</spirit:name>
        <spirit:fileType>vhdlSource</spirit:fileType>
      </spirit:file>
      <spirit:file>
        <spirit:name>src/puf_mem.vhd</spirit:name>
        <spirit:fileType>vhdlSource</spirit:fileType>
      </spirit:file>
      <spirit:file>
        <spirit:name>src/roc.vhd</spirit:name>
        <spirit:fileType>vhdlSource</spirit:fileType>
      </spirit:file>
      <spirit:file>
        <spirit:name>src/roc_bnk.vhd</spirit:name>
        <spirit:fileType>vhdlSource</spirit:fileType>
      </spirit:file>
      <spirit:file>
        <spirit:name>src/roc_bxt.vhd</spirit:name>
        <spirit:fileType>vhdlSource</spirit:fileType>
      </spirit:file>
      <spirit:file>
        <spirit:name>src/roc_chl.vhd</spirit:name>
        <spirit:fileType>vhdlSource</spirit:fileType>
      </spirit:file>
      <spirit:file>
        <spirit:name>src/roc_cnt.vhd</spirit:name>
        <spirit:fileType>vhdlSource</spirit:fileType>
      </spirit:file>
      <spirit:file>
        <spirit:name>src/Base_Point_Powers.mem</spirit:name>
        <spirit:userFileType>mem</spirit:userFileType>
      </spirit:file>
      <spirit:file>
        <spirit:name>hdl/SE_QUBIP_v4_0.v</spirit:name>
        <spirit:fileType>verilogSource</spirit:fileType>
        <spirit:userFileType>CHECKSUM_3aeb6b02</spirit:userFileType>
      </spirit:file>
    </spirit:fileSet>
    <spirit:fileSet>
      <spirit:name>xilinx_verilogbehavioralsimulation_view_fileset</spirit:name>
      <spirit:file>
        <spirit:name>src/EdDSA.v</spirit:name>
        <spirit:fileType>verilogSource</spirit:fileType>
      </spirit:file>
      <spirit:file>
        <spirit:name>src/EdDSA_Acc.v</spirit:name>
        <spirit:fileType>verilogSource</spirit:fileType>
      </spirit:file>
      <spirit:file>
        <spirit:name>src/EdDSA_itf.v</spirit:name>
        <spirit:fileType>verilogSource</spirit:fileType>
      </spirit:file>
      <spirit:file>
        <spirit:name>src/SE_QUBIP.v</spirit:name>
        <spirit:fileType>verilogSource</spirit:fileType>
      </spirit:file>
      <spirit:file>
        <spirit:name>hdl/SE_QUBIP_v4_0_S00_AXI.v</spirit:name>
        <spirit:fileType>verilogSource</spirit:fileType>
      </spirit:file>
      <spirit:file>
        <spirit:name>src/X25519.v</spirit:name>
        <spirit:fileType>verilogSource</spirit:fileType>
      </spirit:file>
      <spirit:file>
        <spirit:name>src/X25519_itf.v</spirit:name>
        <spirit:fileType>verilogSource</spirit:fileType>
      </spirit:file>
      <spirit:file>
        <spirit:name>src/add_sub.v</spirit:name>
        <spirit:fileType>verilogSource</spirit:fileType>
      </spirit:file>
      <spirit:file>
        <spirit:name>src/chi.v</spirit:name>
        <spirit:fileType>verilogSource</spirit:fileType>
      </spirit:file>
      <spirit:file>
        <spirit:name>src/dummy_module.v</spirit:name>
        <spirit:fileType>verilogSource</spirit:fileType>
      </spirit:file>
      <spirit:file>
        <spirit:name>src/genram.v</spirit:name>
        <spirit:fileType>verilogSource</spirit:fileType>
      </spirit:file>
      <spirit:file>
        <spirit:name>src/iota.v</spirit:name>
        <spirit:fileType>verilogSource</spirit:fileType>
      </spirit:file>
      <spirit:file>
        <spirit:name>src/karatsuba.v</spirit:name>
        <spirit:fileType>verilogSource</spirit:fileType>
      </spirit:file>
      <spirit:file>
        <spirit:name>src/multiplier.v</spirit:name>
        <spirit:fileType>verilogSource</spirit:fileType>
      </spirit:file>
      <spirit:file>
        <spirit:name>src/piso.v</spirit:name>
        <spirit:fileType>verilogSource</spirit:fileType>
      </spirit:file>
      <spirit:file>
        <spirit:name>src/puf_itf.v</spirit:name>
        <spirit:fileType>verilogSource</spirit:fileType>
      </spirit:file>
      <spirit:file>
        <spirit:name>src/rho_pi.v</spirit:name>
        <spirit:fileType>verilogSource</spirit:fileType>
      </spirit:file>
      <spirit:file>
        <spirit:name>src/sha2_core.v</spirit:name>
        <spirit:fileType>verilogSource</spirit:fileType>
      </spirit:file>
      <spirit:file>
        <spirit:name>src/sha2_core_eddsa.v</spirit:name>
        <spirit:fileType>verilogSource</spirit:fileType>
      </spirit:file>
      <spirit:file>
        <spirit:name>src/sha2_mem.v</spirit:name>
        <spirit:fileType>verilogSource</spirit:fileType>
      </spirit:file>
      <spirit:file>
        <spirit:name>src/sha2_mem_eddsa.v</spirit:name>
        <spirit:fileType>verilogSource</spirit:fileType>
      </spirit:file>
      <spirit:file>
        <spirit:name>src/sha2_message_schedule.v</spirit:name>
        <spirit:fileType>verilogSource</spirit:fileType>
      </spirit:file>
      <spirit:file>
        <spirit:name>src/sha2_message_schedule_eddsa.v</spirit:name>
        <spirit:fileType>verilogSource</spirit:fileType>
      </spirit:file>
      <spirit:file>
        <spirit:name>src/sha2_padding.v</spirit:name>
        <spirit:fileType>verilogSource</spirit:fileType>
      </spirit:file>
      <spirit:file>
        <spirit:name>src/sha2_padding_eddsa.v</spirit:name>
        <spirit:fileType>verilogSource</spirit:fileType>
      </spirit:file>
      <spirit:file>
        <spirit:name>src/sha2_round.v</spirit:name>
        <spirit:fileType>verilogSource</spirit:fileType>
      </spirit:file>
      <spirit:file>
        <spirit:name>src/sha2_round_eddsa.v</spirit:name>
        <spirit:fileType>verilogSource</spirit:fileType>
      </spirit:file>
      <spirit:file>
        <spirit:name>src/sha2_xl.v</spirit:name>
        <spirit:fileType>verilogSource</spirit:fileType>
      </spirit:file>
      <spirit:file>
        <spirit:name>src/sha2_xl_eddsa.v</spirit:name>
        <spirit:fileType>verilogSource</spirit:fileType>
      </spirit:file>
      <spirit:file>
        <spirit:name>src/sha3_xl.v</spirit:name>
        <spirit:fileType>verilogSource</spirit:fileType>
      </spirit:file>
      <spirit:file>
        <spirit:name>src/sipo.v</spirit:name>
        <spirit:fileType>verilogSource</spirit:fileType>
      </spirit:file>
      <spirit:file>
        <spirit:name>src/sub_red512.v</spirit:name>
        <spirit:fileType>verilogSource</spirit:fileType>
      </spirit:file>
      <spirit:file>
        <spirit:name>src/theta.v</spirit:name>
        <spirit:fileType>verilogSource</spirit:fileType>
      </spirit:file>
      <spirit:file>
        <spirit:name>src/puf_pkg.vhd</spirit:name>
        <spirit:fileType>vhdlSource</spirit:fileType>
      </spirit:file>
      <spirit:file>
        <spirit:name>src/puf.vhd</spirit:name>
        <spirit:fileType>vhdlSource</spirit:fileType>
      </spirit:file>
      <spirit:file>
        <spirit:name>src/puf_ctrl.vhd</spirit:name>
        <spirit:fileType>vhdlSource</spirit:fileType>
      </spirit:file>
      <spirit:file>
        <spirit:name>src/puf_mem.vhd</spirit:name>
        <spirit:fileType>vhdlSource</spirit:fileType>
      </spirit:file>
      <spirit:file>
        <spirit:name>src/roc.vhd</spirit:name>
        <spirit:fileType>vhdlSource</spirit:fileType>
      </spirit:file>
      <spirit:file>
        <spirit:name>src/roc_bnk.vhd</spirit:name>
        <spirit:fileType>vhdlSource</spirit:fileType>
      </spirit:file>
      <spirit:file>
        <spirit:name>src/roc_bxt.vhd</spirit:name>
        <spirit:fileType>vhdlSource</spirit:fileType>
      </spirit:file>
      <spirit:file>
        <spirit:name>src/roc_chl.vhd</spirit:name>
        <spirit:fileType>vhdlSource</spirit:fileType>
      </spirit:file>
      <spirit:file>
        <spirit:name>src/roc_cnt.vhd</spirit:name>
        <spirit:fileType>vhdlSource</spirit:fileType>
      </spirit:file>
      <spirit:file>
        <spirit:name>src/Base_Point_Powers.mem</spirit:name>
        <spirit:userFileType>mem</spirit:userFileType>
      </spirit:file>
      <spirit:file>
        <spirit:name>hdl/SE_QUBIP_v4_0.v</spirit:name>
        <spirit:fileType>verilogSource</spirit:fileType>
      </spirit:file>
    </spirit:fileSet>
    <spirit:fileSet>
      <spirit:name>xilinx_xpgui_view_fileset</spirit:name>
      <spirit:file>
        <spirit:name>xgui/SE_QUBIP_v4_0.tcl</spirit:name>
        <spirit:fileType>tclSource</spirit:fileType>
        <spirit:userFileType>CHECKSUM_afbdc244</spirit:userFileType>
        <spirit:userFileType>XGUI_VERSION_2</spirit:userFileType>
      </spirit:file>
    </spirit:fileSet>
    <spirit:fileSet>
      <spirit:name>bd_tcl_view_fileset</spirit:name>
      <spirit:file>
        <spirit:name>bd/bd.tcl</spirit:name>
        <spirit:fileType>tclSource</spirit:fileType>
      </spirit:file>
    </spirit:fileSet>
  </spirit:fileSets>
  <spirit:description>SE_QUBIP V4.0 with TRNG</spirit:description>
  <spirit:parameters>
    <spirit:parameter>
      <spirit:name>C_S00_AXI_DATA_WIDTH</spirit:name>
      <spirit:displayName>C S00 AXI DATA WIDTH</spirit:displayName>
      <spirit:description>Width of S_AXI data bus</spirit:description>
      <spirit:value spirit:format="long" spirit:resolve="user" spirit:id="PARAM_VALUE.C_S00_AXI_DATA_WIDTH" spirit:choiceRef="choice_list_165ed04b" spirit:order="3">64</spirit:value>
      <spirit:vendorExtensions>
        <xilinx:parameterInfo>
          <xilinx:enablement>
            <xilinx:isEnabled xilinx:id="PARAM_ENABLEMENT.C_S00_AXI_DATA_WIDTH">false</xilinx:isEnabled>
          </xilinx:enablement>
        </xilinx:parameterInfo>
      </spirit:vendorExtensions>
    </spirit:parameter>
    <spirit:parameter>
      <spirit:name>C_S00_AXI_ADDR_WIDTH</spirit:name>
      <spirit:displayName>C S00 AXI ADDR WIDTH</spirit:displayName>
      <spirit:description>Width of S_AXI address bus</spirit:description>
      <spirit:value spirit:format="long" spirit:resolve="user" spirit:id="PARAM_VALUE.C_S00_AXI_ADDR_WIDTH" spirit:order="4" spirit:minimum="0" spirit:maximum="6" spirit:rangeType="long">6</spirit:value>
      <spirit:vendorExtensions>
        <xilinx:parameterInfo>
          <xilinx:enablement>
            <xilinx:isEnabled xilinx:id="PARAM_ENABLEMENT.C_S00_AXI_ADDR_WIDTH">false</xilinx:isEnabled>
          </xilinx:enablement>
        </xilinx:parameterInfo>
      </spirit:vendorExtensions>
    </spirit:parameter>
    <spirit:parameter>
      <spirit:name>C_S00_AXI_BASEADDR</spirit:name>
      <spirit:displayName>C S00 AXI BASEADDR</spirit:displayName>
      <spirit:value spirit:format="bitString" spirit:resolve="user" spirit:id="PARAM_VALUE.C_S00_AXI_BASEADDR" spirit:order="5" spirit:bitStringLength="32">0xFFFFFFFF</spirit:value>
      <spirit:vendorExtensions>
        <xilinx:parameterInfo>
          <xilinx:enablement>
            <xilinx:isEnabled xilinx:id="PARAM_ENABLEMENT.C_S00_AXI_BASEADDR">false</xilinx:isEnabled>
          </xilinx:enablement>
        </xilinx:parameterInfo>
      </spirit:vendorExtensions>
    </spirit:parameter>
    <spirit:parameter>
      <spirit:name>C_S00_AXI_HIGHADDR</spirit:name>
      <spirit:displayName>C S00 AXI HIGHADDR</spirit:displayName>
      <spirit:value spirit:format="bitString" spirit:resolve="user" spirit:id="PARAM_VALUE.C_S00_AXI_HIGHADDR" spirit:order="6" spirit:bitStringLength="32">0x00000000</spirit:value>
      <spirit:vendorExtensions>
        <xilinx:parameterInfo>
          <xilinx:enablement>
            <xilinx:isEnabled xilinx:id="PARAM_ENABLEMENT.C_S00_AXI_HIGHADDR">false</xilinx:isEnabled>
          </xilinx:enablement>
        </xilinx:parameterInfo>
      </spirit:vendorExtensions>
    </spirit:parameter>
    <spirit:parameter>
      <spirit:name>Component_Name</spirit:name>
      <spirit:value spirit:resolve="user" spirit:id="PARAM_VALUE.Component_Name" spirit:order="1">SE_QUBIP_v4_0</spirit:value>
    </spirit:parameter>
    <spirit:parameter>
      <spirit:name>IMP_SHA2</spirit:name>
      <spirit:displayName>SHA-2</spirit:displayName>
      <spirit:value spirit:format="bool" spirit:resolve="user" spirit:id="PARAM_VALUE.IMP_SHA2">true</spirit:value>
    </spirit:parameter>
    <spirit:parameter>
      <spirit:name>IMP_SHA3</spirit:name>
      <spirit:displayName>SHA3</spirit:displayName>
      <spirit:value spirit:format="bool" spirit:resolve="user" spirit:id="PARAM_VALUE.IMP_SHA3">true</spirit:value>
    </spirit:parameter>
    <spirit:parameter>
      <spirit:name>IMP_EDDSA</spirit:name>
      <spirit:displayName>EdDSA25519</spirit:displayName>
      <spirit:value spirit:format="bool" spirit:resolve="user" spirit:id="PARAM_VALUE.IMP_EDDSA">true</spirit:value>
    </spirit:parameter>
    <spirit:parameter>
      <spirit:name>IMP_X25519</spirit:name>
      <spirit:displayName>X25519</spirit:displayName>
      <spirit:value spirit:format="bool" spirit:resolve="user" spirit:id="PARAM_VALUE.IMP_X25519">true</spirit:value>
    </spirit:parameter>
    <spirit:parameter>
      <spirit:name>IMP_TRNG</spirit:name>
      <spirit:displayName>TRNG</spirit:displayName>
      <spirit:value spirit:format="bool" spirit:resolve="user" spirit:id="PARAM_VALUE.IMP_TRNG">true</spirit:value>
    </spirit:parameter>
  </spirit:parameters>
  <spirit:vendorExtensions>
    <xilinx:coreExtensions>
      <xilinx:supportedFamilies>
        <xilinx:family xilinx:lifeCycle="Pre-Production">zynq</xilinx:family>
        <xilinx:family xilinx:lifeCycle="Beta">artix7</xilinx:family>
        <xilinx:family xilinx:lifeCycle="Beta">artix7l</xilinx:family>
        <xilinx:family xilinx:lifeCycle="Beta">qartix7</xilinx:family>
        <xilinx:family xilinx:lifeCycle="Beta">qkintex7</xilinx:family>
        <xilinx:family xilinx:lifeCycle="Beta">qkintex7l</xilinx:family>
        <xilinx:family xilinx:lifeCycle="Beta">kintexu</xilinx:family>
        <xilinx:family xilinx:lifeCycle="Beta">kintexuplus</xilinx:family>
        <xilinx:family xilinx:lifeCycle="Beta">qvirtex7</xilinx:family>
        <xilinx:family xilinx:lifeCycle="Beta">virtexuplus</xilinx:family>
        <xilinx:family xilinx:lifeCycle="Beta">virtexuplusHBM</xilinx:family>
        <xilinx:family xilinx:lifeCycle="Beta">qzynq</xilinx:family>
        <xilinx:family xilinx:lifeCycle="Beta">zynquplus</xilinx:family>
        <xilinx:family xilinx:lifeCycle="Beta">kintex7</xilinx:family>
        <xilinx:family xilinx:lifeCycle="Beta">kintex7l</xilinx:family>
        <xilinx:family xilinx:lifeCycle="Beta">spartan7</xilinx:family>
        <xilinx:family xilinx:lifeCycle="Beta">virtex7</xilinx:family>
        <xilinx:family xilinx:lifeCycle="Beta">virtexu</xilinx:family>
        <xilinx:family xilinx:lifeCycle="Beta">virtexuplus58g</xilinx:family>
        <xilinx:family xilinx:lifeCycle="Beta">aartix7</xilinx:family>
        <xilinx:family xilinx:lifeCycle="Beta">akintex7</xilinx:family>
        <xilinx:family xilinx:lifeCycle="Beta">aspartan7</xilinx:family>
        <xilinx:family xilinx:lifeCycle="Beta">azynq</xilinx:family>
      </xilinx:supportedFamilies>
      <xilinx:taxonomies>
        <xilinx:taxonomy>AXI_Peripheral</xilinx:taxonomy>
      </xilinx:taxonomies>
      <xilinx:displayName>SE_QUBIP_v4.0</xilinx:displayName>
      <xilinx:coreRevision>7</xilinx:coreRevision>
      <xilinx:coreCreationDateTime>2024-07-26T08:47:01Z</xilinx:coreCreationDateTime>
      <xilinx:tags>
        <xilinx:tag xilinx:name="ui.data.coregen.dd@1f713bd_ARCHIVE_LOCATION">c:/Users/ortega/Documents/TRNG QUBIP/TRNG_v1/ip_repo/SE_QUBIP_4.0</xilinx:tag>
        <xilinx:tag xilinx:name="ui.data.coregen.dd@426fe8bb_ARCHIVE_LOCATION">c:/Users/ortega/Documents/TRNG QUBIP/TRNG_v1/ip_repo/SE_QUBIP_4.0</xilinx:tag>
        <xilinx:tag xilinx:name="ui.data.coregen.dd@6c9c3042_ARCHIVE_LOCATION">c:/Users/ortega/Documents/TRNG QUBIP/TRNG_v1/ip_repo/SE_QUBIP_4.0</xilinx:tag>
        <xilinx:tag xilinx:name="ui.data.coregen.dd@2304f538_ARCHIVE_LOCATION">c:/Users/ortega/Documents/TRNG QUBIP/TRNG_v1/ip_repo/SE_QUBIP_4.0</xilinx:tag>
        <xilinx:tag xilinx:name="ui.data.coregen.dd@4eccf1e9_ARCHIVE_LOCATION">c:/Users/ortega/Documents/TRNG QUBIP/TRNG_v1/ip_repo/SE_QUBIP_4.0</xilinx:tag>
        <xilinx:tag xilinx:name="ui.data.coregen.dd@50c71aac_ARCHIVE_LOCATION">c:/Users/ortega/Documents/TRNG QUBIP/TRNG_v1/ip_repo/SE_QUBIP_4.0</xilinx:tag>
        <xilinx:tag xilinx:name="ui.data.coregen.dd@3699cd5b_ARCHIVE_LOCATION">c:/Users/ortega/Documents/TRNG QUBIP/TRNG_v1/ip_repo/SE_QUBIP_4.0</xilinx:tag>
        <xilinx:tag xilinx:name="ui.data.coregen.dd@7b77a919_ARCHIVE_LOCATION">c:/Users/ortega/Documents/TRNG QUBIP/TRNG_v1/ip_repo/SE_QUBIP_4.0</xilinx:tag>
        <xilinx:tag xilinx:name="ui.data.coregen.dd@efe3cbe_ARCHIVE_LOCATION">c:/Users/ortega/Documents/TRNG QUBIP/TRNG_v1/ip_repo/SE_QUBIP_4.0</xilinx:tag>
        <xilinx:tag xilinx:name="ui.data.coregen.dd@3214c2bd_ARCHIVE_LOCATION">c:/Users/ortega/Documents/TRNG QUBIP/TRNG_v1/ip_repo/SE_QUBIP_4.0</xilinx:tag>
        <xilinx:tag xilinx:name="ui.data.coregen.dd@1c51aa8e_ARCHIVE_LOCATION">c:/Users/ortega/Documents/TRNG QUBIP/TRNG_v1/ip_repo/SE_QUBIP_4.0</xilinx:tag>
        <xilinx:tag xilinx:name="ui.data.coregen.dd@6883aba0_ARCHIVE_LOCATION">c:/Users/ortega/Documents/TRNG QUBIP/TRNG_v1/ip_repo/SE_QUBIP_4.0</xilinx:tag>
        <xilinx:tag xilinx:name="ui.data.coregen.dd@18ace52_ARCHIVE_LOCATION">c:/Users/ortega/Documents/TRNG QUBIP/TRNG_v1/ip_repo/SE_QUBIP_4.0</xilinx:tag>
        <xilinx:tag xilinx:name="ui.data.coregen.dd@4ddb2ba8_ARCHIVE_LOCATION">c:/Users/ortega/Documents/TRNG QUBIP/TRNG_v1/ip_repo/SE_QUBIP_4.0</xilinx:tag>
        <xilinx:tag xilinx:name="ui.data.coregen.dd@6522e6a1_ARCHIVE_LOCATION">c:/Users/ortega/Documents/TRNG QUBIP/TRNG_v1/ip_repo/SE_QUBIP_4.0</xilinx:tag>
        <xilinx:tag xilinx:name="ui.data.coregen.dd@182de3f8_ARCHIVE_LOCATION">c:/Users/ortega/Documents/TRNG QUBIP/TRNG_v1/ip_repo/SE_QUBIP_4.0</xilinx:tag>
        <xilinx:tag xilinx:name="ui.data.coregen.dd@1a62b945_ARCHIVE_LOCATION">c:/Users/ortega/Documents/TRNG QUBIP/TRNG_v1/ip_repo/SE_QUBIP_4.0</xilinx:tag>
        <xilinx:tag xilinx:name="ui.data.coregen.dd@73aab834_ARCHIVE_LOCATION">c:/Users/ortega/Documents/TRNG QUBIP/TRNG_v1/ip_repo/SE_QUBIP_4.0</xilinx:tag>
        <xilinx:tag xilinx:name="ui.data.coregen.dd@2a88ff19_ARCHIVE_LOCATION">c:/Users/ortega/Documents/TRNG QUBIP/TRNG_v1/ip_repo/SE_QUBIP_4.0</xilinx:tag>
        <xilinx:tag xilinx:name="ui.data.coregen.dd@7df1843_ARCHIVE_LOCATION">c:/Users/ortega/Documents/TRNG QUBIP/TRNG_v1/ip_repo/SE_QUBIP_4.0</xilinx:tag>
        <xilinx:tag xilinx:name="ui.data.coregen.dd@5c4daa0a_ARCHIVE_LOCATION">c:/Users/ortega/Documents/TRNG QUBIP/TRNG_v1/ip_repo/SE_QUBIP_4.0</xilinx:tag>
        <xilinx:tag xilinx:name="ui.data.coregen.dd@6eac4bc_ARCHIVE_LOCATION">c:/Users/ortega/Documents/TRNG QUBIP/TRNG_v1/ip_repo/SE_QUBIP_4.0</xilinx:tag>
        <xilinx:tag xilinx:name="ui.data.coregen.dd@62a7d820_ARCHIVE_LOCATION">c:/Users/ortega/Documents/TRNG QUBIP/TRNG_v1/ip_repo/SE_QUBIP_4.0</xilinx:tag>
        <xilinx:tag xilinx:name="ui.data.coregen.dd@216f5aa8_ARCHIVE_LOCATION">c:/Users/ortega/Documents/TRNG QUBIP/TRNG_v1/ip_repo/SE_QUBIP_4.0</xilinx:tag>
        <xilinx:tag xilinx:name="ui.data.coregen.dd@4700f083_ARCHIVE_LOCATION">c:/Users/ortega/Documents/TRNG QUBIP/TRNG_v1/ip_repo/SE_QUBIP_4.0</xilinx:tag>
        <xilinx:tag xilinx:name="ui.data.coregen.dd@52a9a5df_ARCHIVE_LOCATION">c:/Users/ortega/Documents/TRNG QUBIP/TRNG_v1/ip_repo/SE_QUBIP_4.0</xilinx:tag>
        <xilinx:tag xilinx:name="ui.data.coregen.dd@53c5f2ba_ARCHIVE_LOCATION">c:/Users/ortega/Documents/TRNG QUBIP/TRNG_v1/ip_repo/SE_QUBIP_4.0</xilinx:tag>
        <xilinx:tag xilinx:name="ui.data.coregen.dd@4d5a7e2a_ARCHIVE_LOCATION">c:/Users/ortega/Documents/TRNG QUBIP/TRNG_v1/ip_repo/SE_QUBIP_4.0</xilinx:tag>
        <xilinx:tag xilinx:name="ui.data.coregen.dd@554a491c_ARCHIVE_LOCATION">c:/Users/ortega/Documents/TRNG QUBIP/TRNG_v1/ip_repo/SE_QUBIP_4.0</xilinx:tag>
        <xilinx:tag xilinx:name="ui.data.coregen.dd@53f6dcb8_ARCHIVE_LOCATION">c:/Users/ortega/Documents/TRNG QUBIP/TRNG_v1/ip_repo/SE_QUBIP_4.0</xilinx:tag>
        <xilinx:tag xilinx:name="ui.data.coregen.dd@221cbdf9_ARCHIVE_LOCATION">c:/Users/ortega/Documents/TRNG QUBIP/TRNG_v1/ip_repo/SE_QUBIP_4.0</xilinx:tag>
        <xilinx:tag xilinx:name="ui.data.coregen.dd@3b1c63a9_ARCHIVE_LOCATION">c:/Users/ortega/Documents/TRNG QUBIP/TRNG_v1/ip_repo/SE_QUBIP_4.0</xilinx:tag>
        <xilinx:tag xilinx:name="ui.data.coregen.dd@1a29a077_ARCHIVE_LOCATION">c:/Users/ortega/Documents/TRNG QUBIP/TRNG_v1/ip_repo/SE_QUBIP_4.0</xilinx:tag>
        <xilinx:tag xilinx:name="ui.data.coregen.dd@2e8315e5_ARCHIVE_LOCATION">c:/Users/ortega/Documents/TRNG QUBIP/TRNG_v1/ip_repo/SE_QUBIP_4.0</xilinx:tag>
        <xilinx:tag xilinx:name="ui.data.coregen.dd@76f5ebb0_ARCHIVE_LOCATION">c:/Users/ortega/Documents/TRNG QUBIP/TRNG_v1/ip_repo/SE_QUBIP_4.0</xilinx:tag>
        <xilinx:tag xilinx:name="ui.data.coregen.dd@8f63e67_ARCHIVE_LOCATION">c:/Users/ortega/Documents/TRNG QUBIP/TRNG_v1/ip_repo/SE_QUBIP_4.0</xilinx:tag>
        <xilinx:tag xilinx:name="ui.data.coregen.dd@6102da3_ARCHIVE_LOCATION">c:/Users/ortega/Documents/TRNG QUBIP/TRNG_v1/ip_repo/SE_QUBIP_4.0</xilinx:tag>
        <xilinx:tag xilinx:name="ui.data.coregen.dd@a35c683_ARCHIVE_LOCATION">c:/Users/ortega/Documents/TRNG QUBIP/TRNG_v1/ip_repo/SE_QUBIP_4.0</xilinx:tag>
        <xilinx:tag xilinx:name="ui.data.coregen.dd@7a36a524_ARCHIVE_LOCATION">c:/Users/ortega/Documents/TRNG QUBIP/TRNG_v1/ip_repo/SE_QUBIP_4.0</xilinx:tag>
        <xilinx:tag xilinx:name="ui.data.coregen.dd@cdfb79b_ARCHIVE_LOCATION">c:/Users/ortega/Documents/TRNG QUBIP/TRNG_v1/ip_repo/SE_QUBIP_4.0</xilinx:tag>
        <xilinx:tag xilinx:name="ui.data.coregen.dd@5ef0d95c_ARCHIVE_LOCATION">c:/Users/ortega/Documents/TRNG QUBIP/TRNG_v1/ip_repo/SE_QUBIP_4.0</xilinx:tag>
        <xilinx:tag xilinx:name="ui.data.coregen.dd@450366bb_ARCHIVE_LOCATION">c:/Users/ortega/Documents/TRNG QUBIP/TRNG_v1/ip_repo/SE_QUBIP_4.0</xilinx:tag>
        <xilinx:tag xilinx:name="ui.data.coregen.dd@42ea22ce_ARCHIVE_LOCATION">c:/Users/ortega/Documents/TRNG QUBIP/TRNG_v1/ip_repo/SE_QUBIP_4.0</xilinx:tag>
        <xilinx:tag xilinx:name="ui.data.coregen.dd@1fde00fa_ARCHIVE_LOCATION">c:/Users/ortega/Documents/TRNG QUBIP/TRNG_v1/ip_repo/SE_QUBIP_4.0</xilinx:tag>
        <xilinx:tag xilinx:name="ui.data.coregen.dd@7d89eca5_ARCHIVE_LOCATION">c:/Users/ortega/Documents/TRNG QUBIP/TRNG_v1/ip_repo/SE_QUBIP_4.0</xilinx:tag>
        <xilinx:tag xilinx:name="ui.data.coregen.dd@df4186c_ARCHIVE_LOCATION">c:/Users/ortega/Documents/TRNG QUBIP/TRNG_v1/ip_repo/SE_QUBIP_4.0</xilinx:tag>
        <xilinx:tag xilinx:name="ui.data.coregen.dd@30899934_ARCHIVE_LOCATION">c:/Users/ortega/Documents/TRNG QUBIP/TRNG_v1/ip_repo/SE_QUBIP_4.0</xilinx:tag>
        <xilinx:tag xilinx:name="ui.data.coregen.dd@198c1d8f_ARCHIVE_LOCATION">c:/Users/ortega/Documents/TRNG QUBIP/TRNG_v1/ip_repo/SE_QUBIP_4.0</xilinx:tag>
        <xilinx:tag xilinx:name="ui.data.coregen.dd@7b927c8e_ARCHIVE_LOCATION">c:/Users/ortega/Documents/TRNG QUBIP/TRNG_v1/ip_repo/SE_QUBIP_4.0</xilinx:tag>
        <xilinx:tag xilinx:name="ui.data.coregen.dd@3b80ecbc_ARCHIVE_LOCATION">c:/Users/ortega/Documents/TRNG QUBIP/TRNG_v1/ip_repo/SE_QUBIP_4.0</xilinx:tag>
        <xilinx:tag xilinx:name="ui.data.coregen.dd@7a5777ff_ARCHIVE_LOCATION">c:/Users/navarro/Desktop/Proyectos/QUBIP/Vivado/ip_repo/SE_QUBIP_4.0</xilinx:tag>
        <xilinx:tag xilinx:name="ui.data.coregen.dd@2109e34a_ARCHIVE_LOCATION">c:/Users/navarro/Desktop/Proyectos/QUBIP/Vivado/ip_repo/SE_QUBIP_4.0</xilinx:tag>
        <xilinx:tag xilinx:name="ui.data.coregen.dd@829e2c8_ARCHIVE_LOCATION">c:/Users/navarro/Desktop/Proyectos/QUBIP/Vivado/ip_repo/SE_QUBIP_4.0</xilinx:tag>
        <xilinx:tag xilinx:name="ui.data.coregen.dd@4cf5771b_ARCHIVE_LOCATION">c:/Users/navarro/Desktop/Proyectos/QUBIP/Vivado/ip_repo/SE_QUBIP_4.0</xilinx:tag>
        <xilinx:tag xilinx:name="ui.data.coregen.dd@335cbc2e_ARCHIVE_LOCATION">c:/Users/navarro/Desktop/Proyectos/QUBIP/Vivado/ip_repo/SE_QUBIP_4.0</xilinx:tag>
        <xilinx:tag xilinx:name="ui.data.coregen.dd@628d1542_ARCHIVE_LOCATION">c:/Users/navarro/Desktop/Proyectos/QUBIP/Vivado/ip_repo/SE_QUBIP_4.0</xilinx:tag>
        <xilinx:tag xilinx:name="ui.data.coregen.dd@228b80c3_ARCHIVE_LOCATION">c:/Users/navarro/Desktop/Proyectos/QUBIP/Vivado/ip_repo/SE_QUBIP_4.0</xilinx:tag>
        <xilinx:tag xilinx:name="ui.data.coregen.dd@516945e2_ARCHIVE_LOCATION">c:/Users/navarro/Desktop/Proyectos/QUBIP/Vivado/ip_repo/SE_QUBIP_4.0</xilinx:tag>
        <xilinx:tag xilinx:name="ui.data.coregen.dd@7b086d0f_ARCHIVE_LOCATION">c:/Users/navarro/Desktop/Proyectos/QUBIP/Vivado/ip_repo/SE_QUBIP_4.0</xilinx:tag>
        <xilinx:tag xilinx:name="ui.data.coregen.dd@f682222_ARCHIVE_LOCATION">c:/Users/navarro/Desktop/Proyectos/QUBIP/Vivado/ip_repo/SE_QUBIP_4.0</xilinx:tag>
        <xilinx:tag xilinx:name="ui.data.coregen.dd@c20e37_ARCHIVE_LOCATION">c:/Users/navarro/Desktop/Proyectos/QUBIP/Vivado/ip_repo/SE_QUBIP_4.0</xilinx:tag>
        <xilinx:tag xilinx:name="ui.data.coregen.dd@55642e62_ARCHIVE_LOCATION">c:/Users/navarro/Desktop/Proyectos/QUBIP/Vivado/ip_repo/SE_QUBIP_4.0</xilinx:tag>
        <xilinx:tag xilinx:name="ui.data.coregen.dd@6dfacbef_ARCHIVE_LOCATION">c:/Users/navarro/Desktop/Proyectos/QUBIP/Vivado/ip_repo/SE_QUBIP_4.0</xilinx:tag>
        <xilinx:tag xilinx:name="ui.data.coregen.dd@364c8a03_ARCHIVE_LOCATION">c:/Users/navarro/Desktop/Proyectos/QUBIP/Vivado/ip_repo/SE_QUBIP_4.0</xilinx:tag>
        <xilinx:tag xilinx:name="ui.data.coregen.dd@34dfd34b_ARCHIVE_LOCATION">c:/Users/navarro/Desktop/Proyectos/QUBIP/Vivado/ip_repo/SE_QUBIP_4.0</xilinx:tag>
        <xilinx:tag xilinx:name="ui.data.coregen.dd@55887b1f_ARCHIVE_LOCATION">c:/Users/navarro/Desktop/Proyectos/QUBIP/Vivado/ip_repo/SE_QUBIP_4.0</xilinx:tag>
        <xilinx:tag xilinx:name="ui.data.coregen.dd@562642b7_ARCHIVE_LOCATION">c:/Users/navarro/Desktop/Proyectos/QUBIP/Vivado/ip_repo/SE_QUBIP_4.0</xilinx:tag>
        <xilinx:tag xilinx:name="ui.data.coregen.dd@c143781_ARCHIVE_LOCATION">c:/Users/navarro/Desktop/Proyectos/QUBIP/Vivado/ip_repo/SE_QUBIP_4.0</xilinx:tag>
        <xilinx:tag xilinx:name="ui.data.coregen.dd@31662297_ARCHIVE_LOCATION">c:/Users/navarro/Desktop/Proyectos/QUBIP/Vivado/ip_repo/SE_QUBIP_4.0</xilinx:tag>
        <xilinx:tag xilinx:name="ui.data.coregen.dd@3e1138bb_ARCHIVE_LOCATION">c:/Users/navarro/Desktop/Proyectos/QUBIP/Vivado/ip_repo/SE_QUBIP_4.0</xilinx:tag>
        <xilinx:tag xilinx:name="ui.data.coregen.dd@2ecd844a_ARCHIVE_LOCATION">c:/Users/navarro/Desktop/Proyectos/QUBIP/Vivado/ip_repo/SE_QUBIP_4.0</xilinx:tag>
        <xilinx:tag xilinx:name="ui.data.coregen.dd@7cb3f21d_ARCHIVE_LOCATION">c:/Users/navarro/Desktop/Proyectos/QUBIP/Vivado/ip_repo/SE_QUBIP_4.0</xilinx:tag>
        <xilinx:tag xilinx:name="ui.data.coregen.dd@5ff042e5_ARCHIVE_LOCATION">c:/Users/navarro/Desktop/Proyectos/QUBIP/Vivado/ip_repo/SE_QUBIP_4.0</xilinx:tag>
        <xilinx:tag xilinx:name="ui.data.coregen.dd@7bc29f46_ARCHIVE_LOCATION">c:/Users/navarro/Desktop/Proyectos/QUBIP/Vivado/ip_repo/SE_QUBIP_4.0</xilinx:tag>
        <xilinx:tag xilinx:name="ui.data.coregen.dd@6c314fe0_ARCHIVE_LOCATION">c:/Users/navarro/Desktop/Proyectos/QUBIP/Vivado/ip_repo/SE_QUBIP_4.0</xilinx:tag>
        <xilinx:tag xilinx:name="ui.data.coregen.dd@3f1c53d5_ARCHIVE_LOCATION">c:/Users/navarro/Desktop/Proyectos/QUBIP/Vivado/ip_repo/SE_QUBIP_4.0</xilinx:tag>
        <xilinx:tag xilinx:name="ui.data.coregen.dd@1de3ef82_ARCHIVE_LOCATION">c:/Users/navarro/Desktop/Proyectos/QUBIP/Vivado/ip_repo/SE_QUBIP_4.0</xilinx:tag>
        <xilinx:tag xilinx:name="ui.data.coregen.dd@2ddcca28_ARCHIVE_LOCATION">c:/Users/navarro/Desktop/Proyectos/QUBIP/Vivado/ip_repo/SE_QUBIP_4.0</xilinx:tag>
        <xilinx:tag xilinx:name="ui.data.coregen.dd@3e2a27fe_ARCHIVE_LOCATION">c:/Users/navarro/Desktop/Proyectos/QUBIP/Vivado/ip_repo/SE_QUBIP_4.0</xilinx:tag>
        <xilinx:tag xilinx:name="ui.data.coregen.dd@7f3b97b7_ARCHIVE_LOCATION">c:/Users/navarro/Desktop/Proyectos/QUBIP/Vivado/ip_repo/SE_QUBIP_4.0</xilinx:tag>
        <xilinx:tag xilinx:name="ui.data.coregen.dd@c9a300c_ARCHIVE_LOCATION">c:/Users/navarro/Desktop/Proyectos/QUBIP/Vivado/ip_repo/SE_QUBIP_4.0</xilinx:tag>
        <xilinx:tag xilinx:name="ui.data.coregen.dd@531e860b_ARCHIVE_LOCATION">c:/Users/navarro/Desktop/Proyectos/QUBIP/Vivado/ip_repo/SE_QUBIP_4.0</xilinx:tag>
        <xilinx:tag xilinx:name="ui.data.coregen.dd@6a36cd82_ARCHIVE_LOCATION">c:/Users/navarro/Desktop/Proyectos/QUBIP/Vivado/ip_repo/SE_QUBIP_4.0</xilinx:tag>
        <xilinx:tag xilinx:name="ui.data.coregen.dd@7d88505d_ARCHIVE_LOCATION">c:/Users/navarro/Desktop/Proyectos/QUBIP/Vivado/ip_repo/SE_QUBIP_4.0</xilinx:tag>
        <xilinx:tag xilinx:name="ui.data.coregen.dd@171e7ce9_ARCHIVE_LOCATION">c:/Users/navarro/Desktop/Proyectos/QUBIP/Vivado/ip_repo/SE_QUBIP_4.0</xilinx:tag>
        <xilinx:tag xilinx:name="ui.data.coregen.dd@2b50a700_ARCHIVE_LOCATION">c:/Users/navarro/Desktop/Proyectos/QUBIP/Vivado/ip_repo/SE_QUBIP_4.0</xilinx:tag>
        <xilinx:tag xilinx:name="ui.data.coregen.dd@4cfb9ed8_ARCHIVE_LOCATION">c:/Users/navarro/Desktop/Proyectos/QUBIP/Vivado/ip_repo/SE_QUBIP_4.0</xilinx:tag>
        <xilinx:tag xilinx:name="ui.data.coregen.dd@57aabec9_ARCHIVE_LOCATION">c:/Users/navarro/Desktop/Proyectos/QUBIP/Vivado/ip_repo/SE_QUBIP_4.0</xilinx:tag>
        <xilinx:tag xilinx:name="ui.data.coregen.dd@69a43287_ARCHIVE_LOCATION">c:/Users/navarro/Desktop/Proyectos/QUBIP/Vivado/ip_repo/SE_QUBIP_4.0</xilinx:tag>
        <xilinx:tag xilinx:name="ui.data.coregen.dd@71d8fa03_ARCHIVE_LOCATION">c:/Users/navarro/Desktop/Proyectos/QUBIP/Vivado/ip_repo/SE_QUBIP_4.0</xilinx:tag>
        <xilinx:tag xilinx:name="ui.data.coregen.dd@6feaf83e_ARCHIVE_LOCATION">c:/Users/navarro/Desktop/Proyectos/QUBIP/Vivado/ip_repo/SE_QUBIP_4.0</xilinx:tag>
        <xilinx:tag xilinx:name="ui.data.coregen.dd@5780cbd3_ARCHIVE_LOCATION">c:/Users/navarro/Desktop/Proyectos/QUBIP/Vivado/ip_repo/SE_QUBIP_4.0</xilinx:tag>
        <xilinx:tag xilinx:name="ui.data.coregen.dd@45cb1a4e_ARCHIVE_LOCATION">c:/Users/navarro/Desktop/Proyectos/QUBIP/Vivado/ip_repo/SE_QUBIP_4.0</xilinx:tag>
        <xilinx:tag xilinx:name="ui.data.coregen.dd@5ff87316_ARCHIVE_LOCATION">c:/Users/navarro/Desktop/Proyectos/QUBIP/Vivado/ip_repo/SE_QUBIP_4.0</xilinx:tag>
        <xilinx:tag xilinx:name="ui.data.coregen.dd@42c55532_ARCHIVE_LOCATION">c:/Users/navarro/Desktop/Proyectos/QUBIP/Vivado/ip_repo/SE_QUBIP_4.0</xilinx:tag>
      </xilinx:tags>
    </xilinx:coreExtensions>
    <xilinx:packagingInfo>
      <xilinx:xilinxVersion>2020.1</xilinx:xilinxVersion>
      <xilinx:checksum xilinx:scope="busInterfaces" xilinx:value="77e219dd"/>
      <xilinx:checksum xilinx:scope="memoryMaps" xilinx:value="ed1368d5"/>
      <xilinx:checksum xilinx:scope="fileGroups" xilinx:value="60373690"/>
      <xilinx:checksum xilinx:scope="ports" xilinx:value="1b5d3f3e"/>
      <xilinx:checksum xilinx:scope="hdlParameters" xilinx:value="29072b42"/>
      <xilinx:checksum xilinx:scope="parameters" xilinx:value="c9f216e6"/>
    </xilinx:packagingInfo>
  </spirit:vendorExtensions>
</spirit:component>
